{
	"model": "NK_IR04AL",
	"rule": "SW",
	"data": {
		"AC": {
			"y": [1,0.9449782658,0.8966211286,0.8500171676,0.8069819238,0.767081745,0.7271274905,0.690653528,0.6550853878,0.6229381136,0.6027619935,0.5786651638,0.5558139502,0.5370553476,0.5215616368,0.5088010422,0.4933227187,0.4783265769,0.4660319608,0.4546741758,0.4412053346],
			"m": [1,0.9467993516,0.8936900009,0.8518104055,0.8182988907,0.7774332509,0.7358300345,0.7040781573,0.6794549542,0.6548471027,0.6284807148,0.601878275,0.5778537197,0.5562955607,0.5385849007,0.5230270816,0.5094297759,0.4965446989,0.4806646061,0.4678697904,0.4552723531],
			"pi": [1,0.8206067834,0.7479759219,0.6800990578,0.6401726394,0.609176199,0.5814204911,0.5543574445,0.5323342923,0.5161923696,0.502129629,0.500909731,0.4911118688,0.4855827268,0.4657184217,0.4572934523,0.4438912729,0.4377728889,0.4275399543,0.4064714421,0.3934621308],
			"r": [1,0.9053278729,0.8692142192,0.820791415,0.7910754508,0.7596518796,0.7345806413,0.7053978679,0.6787662416,0.6625188423,0.6424572846,0.6332086596,0.6178449334,0.6084385308,0.5896237847,0.5783628249,0.5608853444,0.5439649917,0.5264459754,0.5018196985,0.4859203659],
			"a": [1,0.8990756095,0.8277585614,0.7531172005,0.6987267788,0.6477327199,0.5999098526,0.5599496194,0.5205608863,0.4896011084,0.4572633184,0.4263851564,0.400697681,0.3781136832,0.3591069712,0.3424334796,0.326964257,0.3106138632,0.2988593185,0.2852166886,0.2715363593],
			"e": [1,0.9471276355,0.8942317481,0.852248734,0.8185024154,0.7779584229,0.736895732,0.7054016661,0.6807920003,0.6561010399,0.6297818787,0.6030915682,0.5791748636,0.5575856615,0.5400381466,0.5245676415,0.5110083397,0.4982581129,0.4824826106,0.4696864894,0.4572465715],
			"z": [1,0.9513289435,0.9043181873,0.8594646273,0.8172546134,0.7774733108,0.7371973587,0.6983214862,0.6635636444,0.6307892567,0.608898263,0.5844209722,0.561107657,0.5422015754,0.5237765655,0.5101520048,0.4974449785,0.4847282599,0.4736434387,0.4613693286,0.446198595],
			"pinf4": [1,0.9335888859,0.8619201971,0.7887540724,0.7282679892,0.6853465447,0.6505688625,0.6177660921,0.5912502447,0.5746087076,0.563591256,0.5540669932,0.5413382154,0.5288748438,0.5164861805,0.5082074486,0.4984644988,0.4852655909,0.4703338425,0.4552257135,0.4425821864],
			"interest": [1,0.9053278729,0.8692142192,0.820791415,0.7910754508,0.7596518796,0.7345806413,0.7053978679,0.6787662416,0.6625188423,0.6424572846,0.6332086596,0.6178449334,0.6084385308,0.5896237847,0.5783628249,0.5608853444,0.5439649917,0.5264459754,0.5018196985,0.4859203659],
			"inflation": [1,0.9335888859,0.8619201971,0.7887540724,0.7282679892,0.6853465447,0.6505688625,0.6177660921,0.5912502447,0.5746087076,0.563591256,0.5540669932,0.5413382154,0.5288748438,0.5164861805,0.5082074486,0.4984644988,0.4852655909,0.4703338425,0.4552257135,0.4425821864],
			"inflationq": [1,0.8206067834,0.7479759219,0.6800990578,0.6401726394,0.609176199,0.5814204911,0.5543574445,0.5323342923,0.5161923696,0.502129629,0.500909731,0.4911118688,0.4855827268,0.4657184217,0.4572934523,0.4438912729,0.4377728889,0.4275399543,0.4064714421,0.3934621308],
			"outputgap": [1,0.6400982041,0.5403233977,0.4599987376,0.4311695064,0.38961707,0.3614632553,0.3406072518,0.3174994472,0.3241882143,0.3133847653,0.311667122,0.3130264683,0.3161137668,0.3133416092,0.3258485153,0.3164918038,0.3123105534,0.3020289618,0.2861989271,0.272480521],
			"output": [1,0.9449782658,0.8966211286,0.8500171676,0.8069819238,0.767081745,0.7271274905,0.690653528,0.6550853878,0.6229381136,0.6027619935,0.5786651638,0.5558139502,0.5370553476,0.5215616368,0.5088010422,0.4933227187,0.4783265769,0.4660319608,0.4546741758,0.4412053346],
			"inflationql": [1,0.8461412108,0.7501707501,0.6908615302,0.6409485936,0.6176981873,0.5835842191,0.5540140222,0.5361972793,0.5217892276,"_NaN_","_NaN_","_NaN_","_NaN_","_NaN_","_NaN_","_NaN_","_NaN_","_NaN_","_NaN_","_NaN_"],
			"inflationql2": [1,0.840497234,0.7571286688,0.6850505844,0.6465219652,0.6080498797,0.570931221,0.5569540771,0.5368821556,0.5179911989,"_NaN_","_NaN_","_NaN_","_NaN_","_NaN_","_NaN_","_NaN_","_NaN_","_NaN_","_NaN_","_NaN_"],
			"inflationqls": [1,0.9079044825,0.7955910749,0.7236198498,0.677299516,0.6425902025,0.6079568618,0.5817710825,0.5608447196,0.5440402208,"_NaN_","_NaN_","_NaN_","_NaN_","_NaN_","_NaN_","_NaN_","_NaN_","_NaN_","_NaN_","_NaN_"]
		},
		"VAR": {
			"y": 11.13366663,
			"m": 7.827420475,
			"pi": 0.059378911,
			"r": 0.1796121916,
			"a": 15.24676025,
			"e": 7.798862236,
			"z": 10.78843922,
			"pinf4": 0.8295300289,
			"interest": 2.873795066,
			"inflation": 0.8295300289,
			"inflationq": 0.950062576,
			"outputgap": 0.1012895755,
			"output": 11.13366663,
			"inflationql": 0.9020961402,
			"inflationql2": 0.8712785633,
			"inflationqls": 3.43843592
		},
		"IRF": {
			"interest_": {
				"y": [0,-0.5222980383,-0.4522427465,-0.4144728245,-0.4184996542,-0.5948726341,-0.4007730688,-0.1905563821,0.02959355369,0.1256219077,0.07901233197,0.02021027643,-0.005799703855,-0.0173793916,-0.02687982634,-0.03546419021,-0.04250174372,-0.04825540552,-0.05325772405,-0.05785640829,-0.06224329016],
				"m": [0,-0.01616396474,-0.007074787103,0.00104182486,0.009270470093,0.0231956664,0.02579543023,0.02436496941,0.01862379219,0.01341509118,0.01178967273,0.0116217938,0.01150143379,0.01145318366,0.0116103613,0.01194567044,0.01240159284,0.01294754183,0.01357089016,0.01426468155,0.01502474018],
				"pi": [0,-0.1564145132,-0.1546786691,-0.159281488,-0.1802156058,-0.2787196563,-0.2129985806,-0.1412586772,-0.04584192482,0.006584043007,-0.002772841328,-0.0237095807,-0.03486393177,-0.04064852361,-0.04552733982,-0.05026269381,-0.05467916466,-0.05882990502,-0.06289035531,-0.06699283351,-0.07122020952],
				"r": [0,0.06324265177,-0.0005647345454,-0.06067542357,-0.1269605486,-0.2605487932,-0.2568157052,-0.2188310172,-0.1451336054,-0.09136902508,-0.08426281284,-0.09034749344,-0.09267041656,-0.09374722663,-0.0962035376,-0.09996806273,-0.104501362,-0.1095921441,-0.1152067322,-0.1213334357,-0.1279631029],
				"a": [0,0,0,0,0,0,0,0,0,0,0,0,0,0,0,0,0,0,0,0,0],
				"e": [0,0,0,0,0,0,0,0,0,0,0,0,0,0,0,0,0,0,0,0,0],
				"z": [0,0,-4.28660626e-17,-4.232964746e-17,-9.203348538e-17,-1.187283705e-16,-1.529284326e-16,-1.514603197e-16,-5.369782368e-17,-1.944720044e-17,9.473541691e-19,4.942955989e-18,6.668441507e-18,6.604424468e-18,2.936538426e-17,2.759724038e-17,2.788871735e-17,5.073329366e-17,7.483965946e-17,9.990928336e-17,1.257851704e-16],
				"pinf4": [0,-0.1564145132,-0.3110931823,-0.4703746703,-0.6505902761,-0.7728954193,-0.8312153307,-0.8131925199,-0.6788188389,-0.3935151395,-0.1832894003,-0.06574030384,-0.05476231079,-0.1019948774,-0.1447493759,-0.171302489,-0.1911177219,-0.2092991033,-0.2266621188,-0.2433922585,-0.2599333034],
				"interest": [0,0.2529706071,-0.002258938182,-0.2427016943,-0.5078421944,-1.042195173,-1.027262821,-0.8753240688,-0.5805344218,-0.3654761003,-0.3370512514,-0.3613899737,-0.3706816663,-0.3749889065,-0.3848141504,-0.3998722509,-0.4180054482,-0.4383685766,-0.4608269289,-0.4853337426,-0.5118524114],
				"inflation": [0,-0.1564145132,-0.3110931823,-0.4703746703,-0.6505902761,-0.7728954193,-0.8312153307,-0.8131925199,-0.6788188389,-0.3935151395,-0.1832894003,-0.06574030384,-0.05476231079,-0.1019948774,-0.1447493759,-0.171302489,-0.1911177219,-0.2092991033,-0.2266621188,-0.2433922585,-0.2599333034],
				"inflationq": [0,-0.6256580527,-0.6187146765,-0.637125952,-0.7208624234,-1.114878625,-0.8519943223,-0.5650347086,-0.1833676993,0.02633617203,-0.01109136531,-0.09483832281,-0.1394557271,-0.1625940944,-0.1821093593,-0.2010507753,-0.2187166586,-0.2353196201,-0.2515614212,-0.267971334,-0.2848808381],
				"outputgap": [0,-0.5222980383,-0.4522427465,-0.4144728245,-0.4184996542,-0.5948726341,-0.4007730688,-0.1905563821,0.02959355369,0.1256219077,0.07901233197,0.02021027643,-0.005799703855,-0.0173793916,-0.02687982634,-0.03546419021,-0.04250174372,-0.04825540552,-0.05325772405,-0.05785640829,-0.06224329016],