{
	"model": "NK_IR04AL",
	"rule": "SW",
	"data": {
		"AC": {
			"y": [1,0.9449782746,0.8966211351,0.850017174,0.8069819285,0.7670817457,0.7271274998,0.6906535314,0.6550853899,0.6229381181,0.6027619917,0.5786651655,0.555813954,0.5370553563,0.5215616433,0.5088010434,0.4933227244,0.478326584,0.4660319713,0.4546741779,0.4412053392],
			"m": [1,0.9467993509,0.89369,0.851810404,0.8182988887,0.7774332484,0.7358300316,0.7040781538,0.67945495,0.6548470982,0.6284807096,0.6018782692,0.5778537133,0.5562955538,0.5385848934,0.523027074,0.5094297683,0.4965446909,0.4806645974,0.4678697812,0.4552723437],
			"pi": [1,0.8206068856,0.7479758845,0.6800990232,0.640172589,0.6091762483,0.5814204702,0.5543574279,0.5323342749,0.5161922943,0.5021294735,0.5009095782,0.4911115967,0.4855824846,0.4657181213,0.4572932145,0.4438909962,0.4377726458,0.4275396211,0.4064710668,0.3934617033],
			"r": [1,0.9053278713,0.8692142083,0.8207913917,0.7910754135,0.7596518302,0.7345805651,0.7053977708,0.6787661124,0.6625186693,0.6424570759,0.6332084164,0.6178446638,0.6084382249,0.5896234535,0.5783624645,0.5608849601,0.5439645857,0.5264455443,0.5018192335,0.4859198836],
			"a": [1,0.8990756095,0.8277585614,0.7531172005,0.6987267788,0.6477327199,0.5999098526,0.5599496194,0.5205608863,0.4896011084,0.4572633184,0.4263851564,0.400697681,0.3781136832,0.3591069712,0.3424334796,0.326964257,0.3106138632,0.2988593185,0.2852166886,0.2715363593],
			"e": [1,0.9471276355,0.8942317481,0.852248734,0.8185024154,0.7779584229,0.736895732,0.7054016661,0.6807920003,0.6561010399,0.6297818787,0.6030915682,0.5791748636,0.5575856615,0.5400381466,0.5245676415,0.5110083397,0.4982581129,0.4824826106,0.4696864894,0.4572465715],
			"z": [1,0.9513289435,0.9043181873,0.8594646273,0.8172546134,0.7774733108,0.7371973587,0.6983214862,0.6635636444,0.6307892567,0.608898263,0.5844209722,0.561107657,0.5422015754,0.5237765655,0.5101520048,0.4974449785,0.4847282599,0.4736434387,0.4613693286,0.446198595],
			"pinf4": [1,0.9335888946,0.8619201979,0.7887540633,0.7282679763,0.6853465351,0.6505688436,0.6177660524,0.5912501752,0.5746085905,0.5635910976,0.5540667945,0.5413379702,0.5288745675,0.5164858819,0.5082071378,0.4984641672,0.4852652197,0.470333411,0.4552252411,0.4425816995],
			"interest": [1,0.9053278713,0.8692142083,0.8207913917,0.7910754135,0.7596518302,0.7345805651,0.7053977708,0.6787661124,0.6625186693,0.6424570759,0.6332084164,0.6178446638,0.6084382249,0.5896234535,0.5783624645,0.5608849601,0.5439645857,0.5264455443,0.5018192335,0.4859198836],
			"inflation": [1,0.9335888946,0.8619201979,0.7887540633,0.7282679763,0.6853465351,0.6505688436,0.6177660524,0.5912501752,0.5746085905,0.5635910976,0.5540667945,0.5413379702,0.5288745675,0.5164858819,0.5082071378,0.4984641672,0.4852652197,0.470333411,0.4552252411,0.4425816995],
			"inflationq": [1,0.8206068856,0.7479758845,0.6800990232,0.640172589,0.6091762483,0.5814204702,0.5543574279,0.5323342749,0.5161922943,0.5021294735,0.5009095782,0.4911115967,0.4855824846,0.4657181213,0.4572932145,0.4438909962,0.4377726458,0.4275396211,0.4064710668,0.3934617033],
			"outputgap": [1,0.6400981899,0.5403230064,0.4599986915,0.4311689736,0.3896169754,0.3614628211,0.3406068488,0.3174988868,0.324187974,0.3133843313,0.3116668996,0.3130260369,0.3161135448,0.3133411807,0.3258481768,0.3164911994,0.3123102897,0.3020284438,0.2861986747,0.2724804038],
			"output": [1,0.9449782746,0.8966211351,0.850017174,0.8069819285,0.7670817457,0.7271274998,0.6906535314,0.6550853899,0.6229381181,0.6027619917,0.5786651655,0.555813954,0.5370553563,0.5215616433,0.5088010434,0.4933227244,0.478326584,0.4660319713,0.4546741779,0.4412053392],
			"inflationql": [1,0.8461412768,0.7501707424,0.6908615147,0.6409485551,0.6176982186,0.5835842142,0.5540139907,0.5361971993,0.5217891526,"_NaN_","_NaN_","_NaN_","_NaN_","_NaN_","_NaN_","_NaN_","_NaN_","_NaN_","_NaN_","_NaN_"],
			"inflationql2": [1,0.8404972458,0.7571286127,0.6850505164,0.646521903,0.6080498755,0.5709312182,0.55695401,0.5368820099,0.5179910737,"_NaN_","_NaN_","_NaN_","_NaN_","_NaN_","_NaN_","_NaN_","_NaN_","_NaN_","_NaN_","_NaN_"],
			"inflationqls": [1,0.9079044869,0.795591046,0.7236197943,0.6772994726,0.642590186,0.6079568453,0.5817710307,0.5608446209,0.5440400976,"_NaN_","_NaN_","_NaN_","_NaN_","_NaN_","_NaN_","_NaN_","_NaN_","_NaN_","_NaN_","_NaN_"]
		},
		"VAR": {
			"y": 11.13366639,
			"m": 7.827420132,
			"pi": 0.05937892554,
			"r": 0.179612169,
			"a": 15.24676025,
			"e": 7.798862236,
			"z": 10.78843922,
			"pinf4": 0.8295303885,
			"interest": 2.873794703,
			"inflation": 0.8295303885,
			"inflationq": 0.9500628086,
			"outputgap": 0.1012895152,
			"output": 11.13366639,
			"inflationql": 0.9020970525,
			"inflationql2": 0.8712787906,
			"inflationqls": 3.438438407
		},
		"IRF": {
			"interest_": {
				"y": [0,-0.5222980383,-0.4522427465,-0.4144728245,-0.4184996542,-0.5948726341,-0.4007730688,-0.1905563821,0.02959355369,0.1256219077,0.07901233197,0.02021027643,-0.005799703855,-0.0173793916,-0.02687982634,-0.03546419021,-0.04250174372,-0.04825540552,-0.05325772405,-0.05785640829,-0.06224329016],
				"m": [0,-0.01616396474,-0.007074787103,0.00104182486,0.009270470093,0.0231956664,0.02579543023,0.02436496941,0.01862379219,0.01341509118,0.01178967273,0.0116217938,0.01150143379,0.01145318366,0.0116103613,0.01194567044,0.01240159284,0.01294754183,0.01357089016,0.01426468155,0.01502474018],
				"pi": [0,-0.1564145132,-0.1546786691,-0.159281488,-0.1802156058,-0.2787196563,-0.2129985806,-0.1412586772,-0.04584192482,0.006584043007,-0.002772841328,-0.0237095807,-0.03486393177,-0.04064852361,-0.04552733982,-0.05026269381,-0.05467916466,-0.05882990502,-0.06289035531,-0.06699283351,-0.07122020952],
				"r": [0,0.06324265177,-0.0005647345454,-0.06067542357,-0.1269605486,-0.2605487932,-0.2568157052,-0.2188310172,-0.1451336054,-0.09136902508,-0.08426281284,-0.09034749344,-0.09267041656,-0.09374722663,-0.0962035376,-0.09996806273,-0.104501362,-0.1095921441,-0.1152067322,-0.1213334357,-0.1279631029],
				"a": [0,0,0,0,0,0,0,0,0,0,0,0,0,0,0,0,0,0,0,0,0],
				"e": [0,0,0,0,0,0,0,0,0,0,0,0,0,0,0,0,0,0,0,0,0],
				"z": [0,0,0,-5.433493173e-17,-5.381331639e-17,-7.102067035e-18,9.28050438e-17,9.191411538e-17,8.465504003e-17,8.838125229e-17,9.006747857e-17,9.357157133e-17,1.137726803e-16,1.351302666e-16,1.357607085e-16,1.342298156e-16,1.309803276e-16,1.50485223e-16,1.779285106e-16,1.762203969e-16,1.745286811e-16],
				"pinf4": [0,-0.1564145132,-0.3110931823,-0.4703746703,-0.6505902761,-0.7728954193,-0.8312153307,-0.8131925199,-0.6788188389,-0.3935151395,-0.1832894003,-0.06574030384,-0.05476231079,-0.1019948774,-0.1447493759,-0.171302489,-0.1911177219,-0.2092991033,-0.2266621188,-0.2433922585,-0.2599333034],
				"interest": [0,0.2529706071,-0.002258938182,-0.2427016943,-0.5078421944,-1.042195173,-1.027262821,-0.8753240688,-0.5805344218,-0.3654761003,-0.3370512514,-0.3613899737,-0.3706816663,-0.3749889065,-0.3848141504,-0.3998722509,-0.4180054482,-0.4383685766,-0.4608269289,-0.4853337426,-0.5118524114],
				"inflation": [0,-0.1564145132,-0.3110931823,-0.4703746703,-0.6505902761,-0.7728954193,-0.8312153307,-0.8131925199,-0.6788188389,-0.3935151395,-0.1832894003,-0.06574030384,-0.05476231079,-0.1019948774,-0.1447493759,-0.171302489,-0.1911177219,-0.2092991033,-0.2266621188,-0.2433922585,-0.2599333034],
				"inflationq": [0,-0.6256580527,-0.6187146765,-0.637125952,-0.7208624234,-1.114878625,-0.8519943223,-0.5650347086,-0.1833676993,0.02633617203,-0.01109136531,-0.09483832281,-0.1394557271,-0.1625940944,-0.1821093593,-0.2010507753,-0.2187166586,-0.2353196201,-0.2515614212,-0.267971334,-0.2848808381],
				"outputgap": [0,-0.5222980383,-0.4522427465,-0.4144728245,-0.4184996542,-0.5948726341,-0.4007730688,-0.1905563821,0.02959355369,0.1256219077,0.07901233197,0.02021027643,-0.005799703855,-0.0173793916,-0.02687982634,-0.03546419021,-0.04250174372,-0.04825540552,-0.05325772405,-0.05785640829,-0.06224329016],