{
	"model": "NK_LWW03AL",
	"rule": "SW",
	"data": {
		"AC": {
			"ygap": [1,0.4733065088,0.294643153,0.1962110286,0.1440964632,0.09808503678,0.0623589498,0.04111221112,0.02794409366,0.03516277547,0.02937508877,0.02444220022,0.03156024604,0.01805725936,0.03768124071,0.01286412215,0.01072681499,0.009848226535,-0.01990609527,-0.01350106243,-0.01848676509],
			"pdot": [1,0.06161822242,0.04535350645,-0.001812242188,-0.01180686109,-0.02468193451,-0.02438732911,-0.02871319565,-0.02071690702,-0.007130620442,0.01662645244,-0.01786185503,0.01308319834,0.01719409718,0.02597968364,0.01077771963,0.01445058585,0.01976071392,0.0167481944,-0.01128591953,0.01237605284],
			"rff": [1,0.3596966927,0.1712175569,0.07928736116,0.04142552344,0.007933532461,-0.0125936531,-0.02097249106,-0.0199330251,0.0005440122767,-0.0002482806684,-0.001761294237,0.01055876205,-0.003235123561,0.02298960694,-0.001145091117,0.004118093717,0.01339699886,-0.01819579881,-0.005073224206,-0.004410165263],
			"rstar": [1,0.3558408835,0.1320358687,0.05671234779,0.02113062134,-0.001180255837,-0.01530451414,-0.01922097383,-0.02253664325,-0.008211738413,-0.01747644477,-0.009350699047,-0.008730684999,-0.01751212371,-0.003831778505,-0.01493438538,-0.01066483101,-0.005616045253,-0.03010140684,-0.01262781383,-0.01767174554],
			"drff": [1,-0.3512369229,-0.07211422449,-0.03983339047,-0.006572418264,-0.008038154164,-0.01288561783,-0.007734990025,-0.01573486025,0.01800917938,-0.001243217681,-0.009672197122,0.02239889168,-0.03366576864,0.03902190083,-0.02289615605,-0.002269188304,0.03213013813,-0.03474964853,0.009761760471,0.0003687268376],
			"pdotsh": [1,-0.009153846226,0.001875663223,-0.0111618961,-0.001208772345,-0.0033741719,0.0005430225643,-0.00367994328,-0.007468185897,0.001080774028,0.004588760477,-0.02803390161,-0.01290570918,-0.006325939137,0.005223791035,0.00283131776,-0.001667464948,0.004795887989,-0.006001801798,-0.02104539303,-0.006148951315],
			"pinf4": [1,0.7567132785,0.4999570015,0.2367826982,-0.02061397741,-0.03850087062,-0.04462305418,-0.03439131168,-0.02497415426,-0.01268490598,0.00123182857,0.007526551244,0.02200291778,0.03281698861,0.0406789476,0.04527901353,0.03950520332,0.03369475228,0.02283524752,0.018398357,0.02095888379],
			"interest": [1,0.3596966927,0.1712175569,0.07928736116,0.04142552344,0.007933532461,-0.0125936531,-0.02097249106,-0.0199330251,0.0005440122767,-0.0002482806684,-0.001761294237,0.01055876205,-0.003235123561,0.02298960694,-0.001145091117,0.004118093717,0.01339699886,-0.01819579881,-0.005073224206,-0.004410165263],
			"inflation": [1,0.7567132785,0.4999570015,0.2367826982,-0.02061397741,-0.03850087062,-0.04462305418,-0.03439131168,-0.02497415426,-0.01268490598,0.00123182857,0.007526551244,0.02200291778,0.03281698861,0.0406789476,0.04527901353,0.03950520332,0.03369475228,0.02283524752,0.018398357,0.02095888379],
			"inflationq": [1,0.06161822242,0.04535350645,-0.001812242188,-0.01180686109,-0.02468193451,-0.02438732911,-0.02871319565,-0.02071690702,-0.007130620442,0.01662645244,-0.01786185503,0.01308319834,0.01719409718,0.02597968364,0.01077771963,0.01445058585,0.01976071392,0.0167481944,-0.01128591953,0.01237605284],
			"outputgap": [1,0.4733065088,0.294643153,0.1962110286,0.1440964632,0.09808503678,0.0623589498,0.04111221112,0.02794409366,0.03516277547,0.02937508877,0.02444220022,0.03156024604,0.01805725936,0.03768124071,0.01286412215,0.01072681499,0.009848226535,-0.01990609527,-0.01350106243,-0.01848676509],
			"output": [1,0.4733065088,0.294643153,0.1962110286,0.1440964632,0.09808503678,0.0623589498,0.04111221112,0.02794409366,0.03516277547,0.02937508877,0.02444220022,0.03156024604,0.01805725936,0.03768124071,0.01286412215,0.01072681499,0.009848226535,-0.01990609527,-0.01350106243,-0.01848676509],
			"inflationql": [1,0.06145829892,0.04548215669,-0.002170541392,-0.01444515663,-0.02731175279,-0.02856526731,-0.02925795298,-0.02080104361,-0.005105553887,0.01833453838,-0.01609118233,0.01489491549,0.02161036456,0.02716171752,0.01177038664,0.01465257997,0.01982380966,0.01535869176,-0.01265377422,0.01132039316],
			"inflationql2": [1,0.06315617535,0.04686510174,-0.001529694535,-0.01432467892,-0.02938220493,-0.02837561133,-0.03127749582,-0.02036558931,-0.005396432774,0.02046292616,-0.01411679617,0.01532181821,0.02343651329,0.02746224461,0.01120357586,0.01698267915,0.02095860532,0.01585013937,-0.01379924405,0.01118156654],
			"inflationqls": [1,0.5322034685,0.04736682515,0.006838121852,-0.01977875706,-0.03119559236,-0.03657877528,-0.03377546212,-0.02209521843,0.002481341602,0.009643199439,-0.005230354182,0.007773022821,0.03367897049,0.03488746695,0.02445866661,0.02444135646,0.03045484794,0.01550972943,-0.001096440772,0.005621482026]
		},
		"VAR": {
			"ygap": 11.54270989,
			"pdot": 5.239287006,
			"rff": 10.64132437,
			"rstar": 13.58261134,
			"drff": 13.264357,
			"pdotsh": 4.914519308,
			"pinf4": 1.602612304,
			"interest": 10.64132437,
			"inflation": 1.602612304,
			"inflationq": 5.239287006,
			"outputgap": 11.54270989,
			"output": 11.54270989,
			"inflationql": 5.137501934,
			"inflationql2": 5.059083627,
			"inflationqls": 11.3832778
		},
		"IRF": {
			"interest_": {
				"ygap": [0,-1.081659433,-0.8457777125,-0.6641163651,-0.5208708066,-0.4080244588,-0.3191231495,-0.2490842219,-0.1939039637,-0.1504285553,-0.1161736264,-0.08918213276,-0.06791241335,-0.0511500163,-0.0379382446,-0.02752344666,-0.01931192046,-0.01283596554,-0.007727140813,-0.003695198312,-0.000511488214],
				"pdot": [0,-0.4718299882,-0.3721796638,-0.2928991563,-0.2304150755,-0.1811895787,-0.1424088782,-0.1118563746,-0.08778584394,-0.06882164487,-0.05388008069,-0.04210744345,-0.03283120456,-0.02552156349,-0.01976115679,-0.01522119577,-0.01164266854,-0.00882153149,-0.006597043604,-0.004842576597,-0.003458375352],
				"rff": [0,-0.2275642309,-0.1733221146,-0.1351998279,-0.1050190167,-0.08124411285,-0.06251198614,-0.0477510418,-0.03611757669,-0.02694727016,-0.01971699282,-0.01401476523,-0.009516120434,-0.005965501102,-0.003161616088,-0.0009459119143,0.0008065045975,0.00219401443,0.00329411571,0.004167857276,0.004863330653],
				"rstar": [0,0,7.732496645e-17,2.52168473e-17,8.826583951e-18,2.949694904e-17,1.217000134e-17,5.664684635e-19,-1.451142628e-17,2.392529192e-18,-6.454725102e-18,-1.365164342e-17,-1.004526234e-17,4.504785402e-18,1.22434204e-18,-1.812028578e-18,-5.782413e-19,-2.047798273e-18,-1.474674529e-18,-1.166983316e-18,-6.266483672e-19],
				"drff": [0,-0.2275642309,0.05424211636,0.03812228666,0.03018081123,0.02377490383,0.01873212671,0.01476094434,0.01163346511,0.009170306532,0.007230277339,0.005702227591,0.004498644795,0.003550619332,0.002803885014,0.002215704174,0.001752416512,0.001387509832,0.00110010128,0.0008737415663,0.0006954733765],
				"pdotsh": [0,5.551115123e-17,-1.426427417e-18,-2.475062494e-17,-2.684568471e-17,4.984188692e-17,-1.8895483e-17,-1.059246541e-17,1.103277214e-17,-8.538861606e-18,-9.925308336e-18,-6.925864904e-19,2.488237115e-18,-3.618320322e-18,1.80616774e-18,-1.418336427e-18,1.152086854e-18,2.800288703e-19,-2.397933251e-21,-2.980004316e-19,-5.987694096e-19],
				"pinf4": [0,-0.1179574971,-0.211002413,-0.2842272021,-0.341830971,-0.2691708686,-0.2117281722,-0.1664674767,-0.1308101689,-0.1027181854,-0.08058598603,-0.06314875324,-0.04941009339,-0.03858507305,-0.03005534207,-0.02333378015,-0.01803664615,-0.01386163815,-0.01057060985,-0.007975955059,-0.005929881761],
				"interest": [0,-0.2275642309,-0.1733221146,-0.1351998279,-0.1050190167,-0.08124411285,-0.06251198614,-0.0477510418,-0.03611757669,-0.02694727016,-0.01971699282,-0.01401476523,-0.009516120434,-0.005965501102,-0.003161616088,-0.0009459119143,0.0008065045975,0.00219401443,0.00329411571,0.004167857276,0.004863330653],