{
	"model": "NK_LWW03AL",
	"rule": "SW",
	"data": {
		"AC": {
			"ygap": [1,0.4733065088,0.294643153,0.1962110286,0.1440964632,0.09808503679,0.0623589498,0.04111221112,0.02794409366,0.03516277547,0.02937508876,0.02444220022,0.03156024603,0.01805725937,0.03768124071,0.01286412214,0.010726815,0.009848226537,-0.01990609528,-0.01350106243,-0.01848676509],
			"pdot": [1,0.06161822246,0.04535350646,-0.001812242187,-0.01180686111,-0.02468193452,-0.02438732914,-0.02871319566,-0.02071690703,-0.007130620436,0.01662645243,-0.01786185502,0.01308319834,0.01719409719,0.02597968365,0.01077771962,0.01445058586,0.01976071393,0.01674819439,-0.01128591952,0.01237605283],
			"rff": [1,0.3596966927,0.1712175569,0.07928736117,0.04142552343,0.007933532464,-0.0125936531,-0.02097249106,-0.0199330251,0.0005440122862,-0.0002482806789,-0.001761294231,0.01055876205,-0.003235123552,0.02298960694,-0.00114509112,0.004118093719,0.01339699886,-0.01819579882,-0.005073224203,-0.004410165268],
			"rstar": [1,0.3558408835,0.1320358687,0.05671234779,0.02113062134,-0.001180255837,-0.01530451414,-0.01922097383,-0.02253664325,-0.008211738413,-0.01747644477,-0.009350699047,-0.008730684999,-0.01751212371,-0.003831778505,-0.01493438538,-0.01066483101,-0.005616045253,-0.03010140684,-0.01262781383,-0.01767174554],
			"drff": [1,-0.3512369229,-0.0721142245,-0.03983339047,-0.006572418267,-0.008038154163,-0.01288561783,-0.007734990016,-0.01573486027,0.0180091794,-0.001243217706,-0.009672197103,0.02239889166,-0.03366576863,0.03902190083,-0.02289615607,-0.002269188296,0.03213013813,-0.03474964854,0.009761760479,0.0003687268215],
			"pdotsh": [1,-0.009153846226,0.001875663223,-0.0111618961,-0.001208772345,-0.0033741719,0.0005430225643,-0.00367994328,-0.007468185897,0.001080774028,0.004588760477,-0.02803390161,-0.01290570918,-0.006325939137,0.005223791035,0.00283131776,-0.001667464948,0.004795887989,-0.006001801798,-0.02104539303,-0.006148951315],
			"pinf4": [1,0.7567132785,0.4999570015,0.2367826982,-0.02061397741,-0.03850087062,-0.04462305419,-0.03439131168,-0.02497415426,-0.01268490598,0.00123182857,0.007526551246,0.02200291779,0.03281698861,0.04067894761,0.04527901354,0.03950520333,0.03369475228,0.02283524752,0.018398357,0.02095888379],
			"interest": [1,0.3596966927,0.1712175569,0.07928736117,0.04142552343,0.007933532464,-0.0125936531,-0.02097249106,-0.0199330251,0.0005440122862,-0.0002482806789,-0.001761294231,0.01055876205,-0.003235123552,0.02298960694,-0.00114509112,0.004118093719,0.01339699886,-0.01819579882,-0.005073224203,-0.004410165268],
			"inflation": [1,0.7567132785,0.4999570015,0.2367826982,-0.02061397741,-0.03850087062,-0.04462305419,-0.03439131168,-0.02497415426,-0.01268490598,0.00123182857,0.007526551246,0.02200291779,0.03281698861,0.04067894761,0.04527901354,0.03950520333,0.03369475228,0.02283524752,0.018398357,0.02095888379],
			"inflationq": [1,0.06161822246,0.04535350646,-0.001812242187,-0.01180686111,-0.02468193452,-0.02438732914,-0.02871319566,-0.02071690703,-0.007130620436,0.01662645243,-0.01786185502,0.01308319834,0.01719409719,0.02597968365,0.01077771962,0.01445058586,0.01976071393,0.01674819439,-0.01128591952,0.01237605283],
			"outputgap": [1,0.4733065088,0.294643153,0.1962110286,0.1440964632,0.09808503679,0.0623589498,0.04111221112,0.02794409366,0.03516277547,0.02937508876,0.02444220022,0.03156024603,0.01805725937,0.03768124071,0.01286412214,0.010726815,0.009848226537,-0.01990609528,-0.01350106243,-0.01848676509],
			"output": [1,0.4733065088,0.294643153,0.1962110286,0.1440964632,0.09808503679,0.0623589498,0.04111221112,0.02794409366,0.03516277547,0.02937508876,0.02444220022,0.03156024603,0.01805725937,0.03768124071,0.01286412214,0.010726815,0.009848226537,-0.01990609528,-0.01350106243,-0.01848676509],
			"inflationql": [1,0.06145829893,0.04548215669,-0.002170541395,-0.01444515663,-0.0273117528,-0.02856526732,-0.02925795298,-0.02080104362,-0.005105553881,0.01833453838,-0.01609118232,0.01489491549,0.02161036456,0.02716171752,0.01177038664,0.01465257998,0.01982380966,0.01535869176,-0.01265377421,0.01132039315],
			"inflationql2": [1,0.06315617536,0.04686510174,-0.001529694537,-0.01432467892,-0.02938220494,-0.02837561133,-0.03127749583,-0.02036558931,-0.005396432774,0.02046292616,-0.01411679616,0.01532181822,0.02343651329,0.02746224462,0.01120357586,0.01698267915,0.02095860532,0.01585013937,-0.01379924405,0.01118156653],
			"inflationqls": [1,0.5322034685,0.04736682515,0.006838121853,-0.01977875706,-0.03119559236,-0.03657877529,-0.03377546212,-0.02209521843,0.002481341603,0.009643199441,-0.005230354177,0.007773022825,0.03367897049,0.03488746695,0.02445866661,0.02444135647,0.03045484794,0.01550972943,-0.001096440773,0.005621482021]
		},
		"VAR": {
			"ygap": 11.54270989,
			"pdot": 5.239287005,
			"rff": 10.64132437,
			"rstar": 13.58261134,
			"drff": 13.264357,
			"pdotsh": 4.914519308,
			"pinf4": 1.602612304,
			"interest": 10.64132437,
			"inflation": 1.602612304,
			"inflationq": 5.239287005,
			"outputgap": 11.54270989,
			"output": 11.54270989,
			"inflationql": 5.137501934,
			"inflationql2": 5.059083627,
			"inflationqls": 11.3832778
		},
		"IRF": {
			"interest_": {
				"ygap": [0,-1.081659433,-0.8457777125,-0.6641163651,-0.5208708066,-0.4080244588,-0.3191231495,-0.2490842219,-0.1939039637,-0.1504285553,-0.1161736264,-0.08918213276,-0.06791241335,-0.0511500163,-0.0379382446,-0.02752344666,-0.01931192046,-0.01283596554,-0.007727140813,-0.003695198312,-0.000511488214],
				"pdot": [0,-0.4718299882,-0.3721796638,-0.2928991563,-0.2304150755,-0.1811895787,-0.1424088782,-0.1118563746,-0.08778584394,-0.06882164487,-0.05388008069,-0.04210744345,-0.03283120456,-0.02552156349,-0.01976115679,-0.01522119577,-0.01164266854,-0.00882153149,-0.006597043604,-0.004842576597,-0.003458375352],
				"rff": [0,-0.2275642309,-0.1733221146,-0.1351998279,-0.1050190167,-0.08124411285,-0.06251198614,-0.0477510418,-0.03611757669,-0.02694727016,-0.01971699282,-0.01401476523,-0.009516120434,-0.005965501102,-0.003161616088,-0.0009459119143,0.0008065045975,0.00219401443,0.00329411571,0.004167857276,0.004863330653],
				"rstar": [0,0,-1.845677914e-18,9.592049548e-18,-3.58708507e-17,-1.624614983e-17,6.968722069e-18,5.934738913e-19,-1.352788042e-17,-4.734671385e-18,-1.657134985e-18,1.265430778e-18,4.432891748e-19,1.551512112e-19,-7.685706527e-19,-2.689997284e-19,-1.663491797e-18,1.263191689e-18,2.157974813e-18,7.552911845e-19,2.643994711e-19],
				"drff": [0,-0.2275642309,0.05424211636,0.03812228666,0.03018081123,0.02377490383,0.01873212671,0.01476094434,0.01163346511,0.009170306532,0.007230277339,0.005702227591,0.004498644795,0.003550619332,0.002803885014,0.002215704174,0.001752416512,0.001387509832,0.00110010128,0.0008737415663,0.0006954733765],
				"pdotsh": [0,9.714451465e-17,-5.649637205e-17,-3.51392151e-17,-1.130937357e-17,-2.066145836e-17,-5.290441364e-18,1.181373707e-17,-1.592744734e-17,9.077260711e-18,-1.870700779e-18,-1.338766921e-18,3.798110073e-19,-2.639049082e-18,-1.420230656e-19,8.167736638e-19,2.168571728e-19,6.60740929e-19,1.100505853e-18,-1.268769201e-19,7.852822234e-19],
				"pinf4": [0,-0.1179574971,-0.211002413,-0.2842272021,-0.341830971,-0.2691708686,-0.2117281722,-0.1664674767,-0.1308101689,-0.1027181854,-0.08058598603,-0.06314875324,-0.04941009339,-0.03858507305,-0.03005534207,-0.02333378015,-0.01803664615,-0.01386163815,-0.01057060985,-0.007975955059,-0.005929881761],
				"interest": [0,-0.2275642309,-0.1733221146,-0.1351998279,-0.1050190167,-0.08124411285,-0.06251198614,-0.0477510418,-0.03611757669,-0.02694727016,-0.01971699282,-0.01401476523,-0.009516120434,-0.005965501102,-0.003161616088,-0.0009459119143,0.0008065045975,0.00219401443,0.00329411571,0.004167857276,0.004863330653],