{
	"model": "NK_RW97AL",
	"rule": "SW",
	"data": {
		"AC": {
			"pi": [1,0.1609616695,0.1870606819,0.1541602968,0.1468778921,0.1387128004,0.1304496003,0.1381777707,0.1211136012,0.1540644128,0.1239207518,0.1378377205,0.1228695592,0.1408085462,0.1265971288,0.09539934787,0.1142638063,0.1338950569,0.07757140216,0.1181451376,0.1046035057],
			"y": [1,0.6085594738,0.4502119419,0.3254103427,0.239679463,0.167022312,0.1127376433,0.06819997879,0.03419730953,0.001591379969,-0.02257587284,-0.02341485988,-0.03436997521,-0.04097635986,-0.04758066707,-0.03572827579,-0.02968204964,-0.02738531763,-0.04856874169,-0.03391715496,-0.02726661947],
			"ynat": [1,0.6915653968,0.5062863735,0.3790564022,0.2931593708,0.2249887682,0.1770218766,0.1353743885,0.09678998988,0.05789516512,0.03355104082,0.02795992933,0.01836294864,0.01592343076,0.004915344874,0.00939064515,0.005023270242,0.00987234192,0.007380642333,0.005016327884,0.01638967245],
			"rnat": [1,0.4643340289,0.3823260222,0.3052993024,0.2666670276,0.228606706,0.1960930501,0.1718062179,0.1626453046,0.1338892284,0.1233648637,0.1203220617,0.1132303313,0.115258781,0.100078464,0.1043009993,0.1010900024,0.10392196,0.08339599368,0.1074885428,0.09890453405],
			"i": [1,0.4344005475,0.4128972684,0.3615005376,0.3415317802,0.2949232702,0.2594579422,0.2289596401,0.2205108223,0.218226476,0.1933745012,0.197705358,0.1872897407,0.1768613199,0.1635480164,0.1653435361,0.1692855128,0.1642780013,0.1398468125,0.1653246038,0.1495094155],
			"x": [1,0.5018472983,0.3827704351,0.2841130932,0.2300990135,0.1797616556,0.1403187637,0.108633887,0.1032184091,0.09611479067,0.07263664702,0.07746251019,0.05974221722,0.04843968857,0.0400396554,0.03676593559,0.04332390663,0.03517708648,0.0103251816,0.03729361277,0.03055399581],
			"u": [1,0.006187328856,0.0238965405,0.01705020388,0.0001392578061,0.005803485291,-0.007025782242,-0.009267064099,-0.009442530879,0.02869110743,-0.01649404651,0.01631861934,0.00189929958,0.0057630693,0.01533292285,-0.02927358178,-0.001013813346,0.03742923605,-0.03259178887,0.01746749873,0.02119918611],
			"g": [1,0.6915653968,0.5062863735,0.3790564022,0.2931593708,0.2249887682,0.1770218766,0.1353743885,0.09678998988,0.05789516512,0.03355104082,0.02795992933,0.01836294864,0.01592343076,0.004915344874,0.00939064515,0.005023270242,0.00987234192,0.007380642333,0.005016327884,0.01638967245],
			"g_": [1,-0.01919212239,0.003106750473,0.01287980029,0.01636124281,0.003740860597,0.01852573114,0.00402439777,0.01352473268,-0.02870407341,-0.02616473252,0.01477016562,-0.009852207946,3.606092634e-05,-0.02671811961,0.005962568117,-0.01701000411,0.01059258328,-0.013116484,-0.01591803174,0.02317131145],
			"interest": [1,0.4344005475,0.4128972684,0.3615005376,0.3415317802,0.2949232702,0.2594579422,0.2289596401,0.2205108223,0.218226476,0.1933745012,0.197705358,0.1872897407,0.1768613199,0.1635480164,0.1653435361,0.1692855128,0.1642780013,0.1398468125,0.1653246038,0.1495094155],
			"inflation": [1,0.6332607748,0.4147377776,0.2441750557,0.1229355356,0.134436757,0.1361985643,0.1468273104,0.1571433043,0.1692061006,0.1656051913,0.1725228175,0.1681024705,0.1628814621,0.151023059,0.131672178,0.1199793916,0.1199106008,0.1003922428,0.1142484694,0.116463544],
			"inflationq": [1,0.1609616695,0.1870606819,0.1541602968,0.1468778921,0.1387128004,0.1304496003,0.1381777707,0.1211136012,0.1540644128,0.1239207518,0.1378377205,0.1228695592,0.1408085462,0.1265971288,0.09539934787,0.1142638063,0.1338950569,0.07757140216,0.1181451376,0.1046035057],
			"inflationql": [1,0.1695670015,0.1034923707,0.08046519885,0.04250529085,0.07319845429,0.08093301014,0.07525831592,0.07513690963,0.1014899258,0.0541422081,0.08650845937,0.08584754134,0.08823326623,0.08013868509,0.05110620522,0.05835566062,0.08811692049,0.03635397564,0.07086062581,0.05911101279],
			"inflationql2": [1,0.1641778568,0.1162898442,0.02105053082,0.007167150024,0.04919589267,0.03503234653,0.04906246869,0.06749672109,0.07579404495,0.03671853378,0.06648735126,0.07233286495,0.06022106219,0.06296254834,0.03297253978,0.03026665546,0.06650138986,0.03707769311,0.02733201254,0.03303558718],
			"inflationqls": [1,0.5489608472,0.1421167702,0.07679393863,0.05962750598,0.07913420369,0.0917821805,0.08897668419,0.1124387847,0.1112289945,0.09041802148,0.1037270025,0.1160839748,0.1126561334,0.09371820476,0.06696310861,0.07281055624,0.08803161295,0.06611104213,0.06490384298,0.06274370008],
			"outputgap": [1,0.5018472983,0.3827704351,0.2841130932,0.2300990135,0.1797616556,0.1403187637,0.108633887,0.1032184091,0.09611479067,0.07263664702,0.07746251019,0.05974221722,0.04843968857,0.0400396554,0.03676593559,0.04332390663,0.03517708648,0.0103251816,0.03729361277,0.03055399581],
			"output": [1,0.6085594738,0.4502119419,0.3254103427,0.239679463,0.167022312,0.1127376433,0.06819997879,0.03419730953,0.001591379969,-0.02257587284,-0.02341485988,-0.03436997521,-0.04097635986,-0.04758066707,-0.03572827579,-0.02968204964,-0.02738531763,-0.04856874169,-0.03391715496,-0.02726661947],
			"fispol": [1,-0.01919212239,0.003106750473,0.01287980029,0.01636124281,0.003740860597,0.01852573114,0.00402439777,0.01352473268,-0.02870407341,-0.02616473252,0.01477016562,-0.009852207946,3.606092634e-05,-0.02671811961,0.005962568117,-0.01701000411,0.01059258328,-0.013116484,-0.01591803174,0.02317131145]
		},
		"VAR": {
			"pi": 0.02271054595,
			"y": 0.5114804938,
			"ynat": 0.19510913,
			"rnat": 0.00452628378,
			"i": 0.01926717138,
			"x": 0.1922536109,
			"u": 0.01399520573,
			"g": 3.024953659,
			"g_": 1.372851932,
			"interest": 0.3082747421,
			"inflation": 0.1142022331,
			"inflationq": 0.3633687351,
			"inflationql": 0.2760288203,
			"inflationql2": 0.2220896017,
			"inflationqls": 0.6425153724,
			"outputgap": 0.1922536109,
			"output": 0.5114804938,
			"fispol": 1.372851932
		},
		"IRF": {
			"interest_": {
				"pi": [0,-0.1191648851,-0.0930928461,-0.07320301219,-0.05750359464,-0.04517020661,-0.03547054664,-0.02784411683,-0.02184842931,-0.01713536955,-0.01343095914,-0.01051961638,-0.008231753244,-0.00643399435,-0.005021464712,-0.003911712071,-0.003039920271,-0.002355141397,-0.001817331099,-0.001395016616,-0.001063462933],
				"y": [0,-1.078973731,-0.8475478686,-0.6672375854,-0.5251351467,-0.4134409086,-0.3255939848,-0.2565172045,-0.202204793,-0.1595040662,-0.1259339837,-0.09954262692,-0.07879473006,-0.06248298611,-0.04965814123,-0.03957393105,-0.0316437299,-0.02540643569,-0.02049963166,-0.01663847829,-0.01359911503],
				"ynat": [0,0,0,0,0,0,0,0,0,0,0,0,0,0,0,0,0,0,0,0,0],
				"rnat": [0,-8.526512829e-16,-0.0007626552648,-0.0007528338063,-0.0007486008825,-0.0007436523682,-0.0007386188839,-0.0007332652452,-0.0007276445057,-0.0007217991419,-0.0007157753742,-0.0007096162223,-0.000703359439,-0.000697036985,-0.0006906752789,-0.0006842957861,-0.0006779157176,-0.0006715487247,-0.0006652055327,-0.0006588944942,-0.0006526220562],
				"i": [0,-0.05671087398,-0.04423396211,-0.03487937095,-0.02741876334,-0.02155440545,-0.01692962933,-0.01328650577,-0.0104181563,-0.008160887271,-0.006385214703,-0.004988849301,-0.003891073791,-0.003028251688,-0.002350249518,-0.001817594422,-0.001399221254,-0.001070690338,-0.0008127796657,-0.0006103741848,-0.0004515902846],
				"x": [0,-1.078973731,-0.8475478686,-0.6672375854,-0.5251351467,-0.4134409086,-0.3255939848,-0.2565172045,-0.202204793,-0.1595040662,-0.1259339837,-0.09954262692,-0.07879473006,-0.06248298611,-0.04965814123,-0.03957393105,-0.0316437299,-0.02540643569,-0.02049963166,-0.01663847829,-0.01359911503],
				"u": [0,6.454873771e-17,4.735791751e-17,-1.039276943e-17,1.059839681e-16,-2.00038637e-17,3.465482044e-17,-2.755939242e-17,-1.025863876e-18,-5.784376008e-18,-6.932102757e-18,9.154780346e-18,6.677996001e-18,8.269558592e-19,-2.406843033e-18,2.934785231e-18,2.051668766e-18,-1.224771538e-18,3.959279167e-19,2.065614237e-19,-1.16265145e-19],
				"g": [0,0,0,0,0,0,0,0,0,0,0,0,0,0,0,0,0,0,0,0,0],
				"g_": [0,0,0,0,0,0,0,0,0,0,0,0,0,0,0,0,0,0,0,0,0],